Gene,Variance (AD),Variance (Normal)
HSP90AA1,1.0957321,0.867324
SNAP25,1.1490313,0.7163825
SLC2A1,0.03450544,0.034332346
APP,1.0406489,0.6787543
GRIN1,1.0390329,0.8214055
PSEN1,0.24464215,0.25007802
MAPT,0.860395,0.66686374
GFAP,0.029564813,0.016858744
HSPA1A,0.19688751,0.1475782
SYN1,0.800327,0.5807254
